{
    "accuracy": 0.9447047797563262,
    "trained_at": "2026-06-13T13:06:26.186268",
    "total_samples": 16001,
    "train_samples": 12800,
    "test_samples": 3201,
    "class_report": {
        "Healthy Leaf": {
            "precision": 0.8797169811320755,
            "recall": 0.9325,
            "f1-score": 0.9053398058252428,
            "support": 800.0
        },
        "Yellow Leaf Disease": {
            "precision": 0.9778357235984355,
            "recall": 0.9375,
            "f1-score": 0.9572431397574984,
            "support": 800.0
        },
        "Bud Rot": {
            "precision": 1.0,
            "recall": 1.0,
            "f1-score": 1.0,
            "support": 800.0
        },
        "Spindle Bug Infestation": {
            "precision": 0.926208651399491,
            "recall": 0.9088639200998752,
            "f1-score": 0.9174543163201008,
            "support": 801.0
        },
        "accuracy": 0.9447047797563262,
        "macro avg": {
            "precision": 0.9459403390325005,
            "recall": 0.9447159800249688,
            "f1-score": 0.9450093154757104,
            "support": 3201.0
        },
        "weighted avg": {
            "precision": 0.9459341748064358,
            "recall": 0.9447047797563262,
            "f1-score": 0.9450007072285515,
            "support": 3201.0
        }
    },
    "confusion_matrix": [
        [
            746,
            13,
            0,
            41
        ],
        [
            33,
            750,
            0,
            17
        ],
        [
            0,
            0,
            800,
            0
        ],
        [
            69,
            4,
            0,
            728
        ]
    ],
    "feature_importances": {
        "mean_ndi": 0.18694520983959392,
        "green_ratio": 0.13846062597723963,
        "var_r": 0.1279295208364645,
        "mean_b": 0.12434730084373354,
        "var_g": 0.0920566964220862,
        "var_b": 0.08166199187960861,
        "mean_g": 0.06974864019652458,
        "yellow_ratio": 0.060869904793680076,
        "brown_ratio": 0.05899204805928864,
        "mean_r": 0.05898806115178041
    }
}